,지하철만족도,주택 총계,단독,다가구,연립,아파트,다세대,7~8 유동인구,8~9 유동인구,9~10 유동인구,10~11 유동인구,11~12 유동인구,12~13 유동인구,13~14 유동인구,14~15 유동인구,15~16 유동인구,16~17 유동인구,17~18 유동인구,18~19 유동인구,19~20 유동인구,20~21 유동인구,시설 합계,도로,주차장,자동차정류장,자동차검사시설,철도,공항,자동차운전학원,광장,공원,녹지,유원지,공공공지,청소년수련시설,시장,유통업무설비,수도,공동구,전기공급설비,가스공급설비,열공급설비,유류저장및송유설비,방송통신시설,운동장,체육시설,공공청사,학교,연구시설,문화시설,사회복지시설,하천,방수설비,유수지,하수도,화장장,폐기물처리시설,수질오염방지시설,종합의료시설,역 개수,사업체수,자동차 총합,관용자동차,자가용,영업용자동차,전력사용량 합계,가정용 전력,공공용 전력,행정구역 면적(2007),시가화면적비율(2010),시가화면적(2010), 10~11 인구변화 , 11~12 인구변화 , 12~13 인구변화 , 13~14 인구변화 , 14~15 인구변화 , 15~16 인구변화 , 16~17 인구변화 , 17~18 인구변화 ,임야,대지,공장용지,학교용지,주차장,주유소용지,창고용지,도로,철도용지,하천,제방,구거,유지,수도용지,공원,공동주택,지역내 총생산
강남구,7.28,7246,28,188,24,5829,1177,164,395,388,301,376,628,615,482,497,539,570,815,737,541,3773,3390,28,4,NA,NA,NA,NA,21,116,33,NA,2,NA,5,NA,7,3,9,1,1,NA,1,NA,4,22,81,2,7,12,2,3,11,4,NA,2,NA,2,29,73590,244787,345,223960,20482,4615922,863427,122679,39.54,23.7,59.98,"6,897","-7,724",506,"9,911","3,007","-7,135","-9,243","-16,476",9372080,8176048,NA,907969,22247,6737,NA,2370386,933,281284,10947,170815,NA,85,309831,109396,14254963
강동구,7.04,9690,54,272,20,7477,1867,259,359,353,369,417,501,497,511,537,571,576,690,634,501,2539,2186,21,2,NA,1,NA,NA,14,105,32,NA,27,1,7,NA,2,NA,4,1,1,NA,NA,NA,3,28,53,NA,3,12,2,NA,6,26,NA,1,NA,1,11,30079,137662,215,128966,8481,1496299,537935,62169,24.58,13.69,55.7,"9,666","-7,484","-4,524","-6,265","-16,559","-14,539","-5,539","-11,768",1291056,5292421,4360,393799,26546,7647,NA,2146272,125731,29443,NA,14795,NA,29588,446160,55673,640027
강북구,7.14,1562,301,160,-,72,1029,192,339,289,263,306,338,359,387,400,406,436,502,469,362,2154,1922,27,6,NA,1,NA,NA,2,50,8,1,41,1,5,NA,9,NA,1,NA,NA,NA,NA,NA,NA,17,30,NA,3,15,4,3,NA,7,NA,1,NA,NA,3,18654,75760,280,70638,4842,914684,392162,51287,23.61,9.39,39.77,"3,983",-893,"-4,175","-3,950","-3,839","-3,737","-3,074","-4,766",1605057,10065272,NA,521877,18909,9765,3181,2477211,1236430,4776817,155993,97394,44896,402,112810,25785,63937
강서구,6.86,4679,89,213,55,1894,2428,270,332,247,227,233,283,262,257,274,295,319,384,369,285,3477,2864,38,4,NA,3,1,1,23,160,129,NA,13,1,9,1,3,4,5,2,2,NA,1,NA,1,32,75,1,6,14,2,5,7,64,NA,3,1,2,21,33273,191072,293,176167,14612,2205573,779635,224767,41.42,18.03,43.53,982,"-2,365",-142,"13,488","8,196","3,292","8,266","-2,809",262302,6260305,476543,946583,10163,4420,11045,2240206,296347,3776403,356285,88329,99371,262320,529312,85224,1669636
관악구,6.94,4126,733,270,47,1691,1385,448,684,576,471,464,511,530,532,567,610,653,796,797,618,3028,2728,39,7,NA,1,NA,NA,4,96,21,NA,9,NA,6,NA,15,NA,2,NA,1,NA,NA,NA,1,22,50,NA,NA,18,3,1,3,1,NA,NA,NA,NA,4,26235,120789,255,114745,5789,1687190,633775,247399,29.57,11.91,40.27,"5,020","-5,363","-5,587","-4,098","-2,647","-2,958","-5,338","-1,164",2482436,6992780,91,1059376,17853,21237,NA,2490293,3221,2524435,172645,69038,37065,289069,720967,42962,174264
광진구,7.09,2693,15,613,-,280,1785,178,291,233,211,234,320,349,324,378,436,477,598,638,502,3523,3302,24,2,NA,NA,NA,NA,12,46,8,1,22,1,8,NA,6,NA,6,1,NA,NA,NA,NA,5,15,35,NA,3,7,NA,2,5,11,NA,NA,NA,1,11,24531,96092,267,90449,5376,1638532,452493,100824,17.05,11.57,67.81,"3,746","-1,990","-3,067","-3,399","-3,457","-2,271","-1,266","-2,415",733459,7799020,3910,1315708,7585,18108,NA,2638941,423774,574241,139591,81422,4324,724,294762,29175,506463
구로구,7.57,7712,114,83,64,5992,1459,425,546,408,314,330,400,412,384,383,416,477,620,576,413,3138,2815,32,2,NA,2,NA,NA,15,56,36,NA,28,1,8,2,2,NA,7,1,NA,NA,1,NA,4,13,58,NA,4,13,5,3,9,19,NA,1,NA,1,13,37445,138272,214,127055,11003,1874103,556564,56599,20.11,14.19,70.53,"8,942",142,"-3,571","5,103","-1,679","-4,793","-8,466","-4,054",2765578,6933165,4235,648734,90289,18993,7681,2729513,415061,908518,170716,175081,73119,3958,988890,70780,1212742
금천구,7.41,3288,72,236,70,1090,1820,193,628,374,247,284,434,394,268,244,257,425,720,425,291,300,130,22,7,NA,NA,NA,NA,6,47,4,NA,6,1,6,1,4,NA,3,1,NA,NA,1,NA,1,12,28,NA,3,6,1,2,3,5,NA,NA,NA,NA,4,30080,82684,121,74691,7872,1617044,287356,25402,13.01,10.55,81.15,"3,634","-1,955","-3,070",-662,-542,"-4,287",-21,"-1,287",8131216,10245089,NA,1623351,11352,27278,1661,2730816,141756,539366,33528,153496,1434,6103,508307,27016,446527
노원구,7.11,636,34,162,43,65,332,190,237,216,222,243,284,287,305,322,364,389,385,355,266,2412,1952,20,9,1,2,NA,NA,9,131,72,1,43,3,3,1,4,2,10,3,NA,NA,NA,NA,3,12,99,1,4,16,2,1,2,2,NA,1,NA,3,18,25827,154645,249,144649,9747,1504212,669594,163854,35.42,13.23,37.33,"-1,967","-6,204","-6,698","-4,611","-7,679","-6,590","-12,220","-11,209",12785361,6607764,4290,552284,25471,18082,192,1996879,NA,332303,65,87580,2092,22944,726024,138654,744416
도봉구,6.51,1731,89,173,-,447,1022,180,274,219,191,193,230,234,233,236,258,279,290,284,225,2173,1939,30,4,NA,1,NA,NA,3,52,11,NA,28,3,5,NA,NA,NA,3,NA,NA,NA,NA,NA,2,26,43,NA,6,8,2,NA,NA,5,NA,2,NA,NA,7,18455,95851,232,87888,7731,890602,416983,51018,20.7,12.21,58.99,813,"-3,270","-3,495","-8,056","-2,844","-3,201","-3,915","-4,348",9645649,6158181,29116,697636,90997,19808,5252,2071679,178088,475072,15288,178461,21,403,505554,64143,150747
동대문구,7.08,4974,173,202,236,2678,1685,130,225,188,198,230,269,288,284,289,322,293,290,238,175,2800,2483,32,2,NA,1,NA,NA,12,84,39,NA,36,NA,6,NA,1,NA,1,NA,1,NA,NA,NA,NA,25,38,3,6,9,1,7,2,8,NA,2,NA,1,11,32994,96607,264,90407,5936,1424697,479096,127492,14.2,14.1,99.29,"7,261","-2,886",204,"-2,439",-409,"-3,570","-3,484","-1,668",15474210,9259543,3088,2494090,25411,25539,3103,2801217,641786,1113232,126642,108951,39268,92668,729009,47630,606200
동작구,7.01,6893,439,208,82,4873,1291,338,543,436,476,552,669,744,650,659,681,761,924,751,576,698,433,13,NA,NA,1,NA,NA,10,73,19,NA,35,1,5,NA,9,NA,2,NA,1,NA,NA,NA,NA,29,43,NA,4,11,1,1,5,1,NA,NA,NA,1,17,19609,102067,266,99029,2772,1267620,491338,126423,16.35,15.65,95.73,"5,417",111,"7,119",-230,"-5,706","-1,366","-3,558","-2,778",13483205,9668965,2568,638406,66726,22213,NA,2890308,163455,497612,737,280168,2792,35946,538367,53226,694226
마포구,6.54,4175,118,206,-,2840,1011,135,251,190,188,215,304,304,276,291,321,366,441,382,274,3321,2933,20,2,1,NA,NA,NA,13,103,88,NA,16,NA,8,NA,5,1,3,1,1,NA,NA,NA,1,33,39,NA,6,19,2,7,4,14,NA,1,NA,NA,22,36504,116915,273,109135,7507,2059666,547838,143558,23.87,12.69,53.14,"7,800","-5,165","-2,672","-2,990","10,504","-6,830","-5,990","-2,744",4669678,7175221,NA,2192294,19364,10400,NA,2163469,210619,435978,3061,72308,NA,22799,422222,60337,2995280
서대문구,6.36,2081,76,184,4,925,892,223,397,428,419,468,600,595,589,607,709,738,837,700,567,2723,2328,27,3,NA,NA,NA,NA,5,88,68,NA,69,2,4,NA,11,NA,1,NA,1,NA,NA,NA,NA,23,41,NA,6,16,1,NA,NA,28,NA,1,NA,NA,7,19612,82327,404,76900,5023,1237081,412572,297647,17.61,15.7,89.21,"-4,354","-6,048","4,248","-1,871","-5,577","8,376",120,"-3,982",380951,8577145,17025,706252,39473,12051,NA,3471522,573972,5755138,222786,90653,88218,10150,2723115,39591,417646
서초구,6.96,21895,38,178,116,20303,1260,204,352,293,269,321,432,419,368,396,378,439,619,623,469,3021,2547,29,4,NA,1,NA,NA,16,136,78,NA,18,NA,10,2,8,NA,10,3,1,1,1,NA,4,23,64,14,9,12,7,5,7,5,1,3,NA,2,19,47061,178847,624,167845,10378,3386610,668483,199768,47,19.63,41.75,"5,163","3,019","2,316","8,961",-434,"-1,582","-3,729","-5,638",1094628,8655357,6885,791657,180165,40338,NA,3105446,235511,446846,210260,198856,149046,38586,1724849,77543,4581133
성동구,6.82,2956,29,114,-,2407,406,231,459,298,301,297,351,345,316,333,395,402,438,367,288,2610,2347,26,2,NA,1,NA,NA,11,67,17,NA,43,NA,3,1,2,NA,3,1,NA,NA,NA,NA,1,16,33,NA,2,4,1,6,3,17,NA,2,1,NA,19,26130,95767,265,87847,7655,2034589,414136,301407,16.85,12.35,73.27,"-2,162","-3,703",546,"-2,295",632,-878,"7,427","4,264",2773493,10454829,166245,917083,106631,49512,15474,3993816,416631,3703376,599795,670131,189911,1421,1231928,54739,1493550
성북구,7.34,2277,271,221,-,322,1463,114,204,162,164,166,201,232,222,239,265,280,315,294,225,942,537,30,5,NA,NA,NA,NA,5,78,58,NA,89,2,4,NA,11,NA,1,NA,NA,NA,1,NA,2,22,58,1,8,15,3,2,NA,9,NA,1,NA,NA,9,24690,116544,219,110867,5458,1440110,579150,216370,24.57,17.99,73.22,"9,574","-4,127","-3,886","-8,733","-7,501","-7,804","3,756","-8,687",3056002,8260637,586804,809988,29014,24332,7220,2848837,936419,968507,67389,292987,101146,27073,857668,64527,366815
송파구,7.02,10365,11,138,81,7292,2843,179,280,235,216,215,234,231,235,264,281,308,348,325,253,3446,2866,25,4,NA,1,NA,NA,37,167,91,NA,34,3,8,NA,6,5,8,NA,NA,NA,1,2,1,38,90,NA,3,19,3,NA,13,18,NA,2,NA,1,22,45375,218942,332,207009,11601,2684727,856056,89031,33.88,23.57,69.58,"3,996","-5,370","-12,613","1,162","-4,532","-8,076","5,953","5,216",2742392,5016366,1297276,357114,16640,15924,16326,2021538,213743,620365,116769,43882,44541,53981,238677,108300,3859257
양천구,6.87,1459,55,97,24,163,1120,204,328,216,215,230,259,258,287,329,347,364,386,350,253,4133,3753,45,6,NA,NA,NA,NA,4,108,56,NA,12,2,6,NA,4,11,3,NA,NA,NA,2,1,2,15,59,NA,3,21,NA,3,3,13,NA,NA,NA,1,6,26297,149721,296,140201,9224,1597963,613886,63089,17.4,13,74.7,"4,274","-4,126","-4,059","-5,936","-2,072","-4,283","-8,878","-6,682",66821,9472110,324179,536526,41347,11878,15119,4270918,257718,8077596,314714,27278,109722,92857,616952,72838,285766
영등포구,7.16,2320,169,220,28,899,1004,185,389,285,251,285,371,352,313,315,342,361,443,343,253,2904,2554,26,1,NA,NA,NA,NA,18,107,39,NA,40,NA,8,1,2,6,7,NA,NA,NA,1,NA,3,21,43,NA,5,10,NA,1,4,6,NA,NA,NA,1,19,44512,145778,299,135343,10136,2610039,554765,158873,24.57,17.79,72.42,"6,500","-13,304","-6,886",-705,"-2,476","-9,692","-8,849","1,816",2411926,7852066,782,977826,14996,10748,NA,2348026,144739,639608,9386,69504,713,141575,971390,62112,4381054
용산구,7.13,2068,26,68,58,1421,495,191,302,262,239,259,314,314,316,326,351,382,463,397,283,1900,1636,28,1,NA,3,NA,NA,7,73,24,NA,25,1,3,1,1,NA,1,NA,NA,NA,NA,NA,1,23,33,NA,3,9,1,8,8,8,NA,NA,NA,2,18,21178,76078,344,73674,2060,1389969,388850,330599,21.87,12.92,59.08,"9,741","-3,196","-3,616","-3,068","-1,071","-2,542","-2,395","1,165",16101539,8200851,NA,937666,17701,13969,NA,2607617,NA,546124,15640,114797,NA,37545,610234,31197,1476927
은평구,7.14,6704,183,220,-,3979,2322,208,268,272,288,325,351,409,436,483,495,512,542,528,410,3694,3332,31,4,NA,2,NA,NA,6,81,43,NA,37,1,5,NA,7,2,5,1,NA,NA,NA,NA,2,28,61,NA,6,23,5,NA,4,2,NA,4,NA,2,15,24179,126482,223,119306,6953,1362245,594223,75597,29.71,15.22,51.26,"16,683","9,258","1,608","-3,696",-258,"-5,831","-6,615","-4,050",17960473,12863148,NA,908895,28468,52283,2218,6262608,2338,2487329,217285,302141,83684,72009,867846,41474,424123
종로구,7.11,548,85,96,70,28,269,209,401,442,496,617,934,967,886,935,902,953,1099,968,760,2223,1885,51,NA,NA,NA,NA,NA,13,76,40,NA,39,1,4,NA,5,NA,2,NA,NA,NA,NA,NA,NA,28,35,1,22,4,6,1,1,9,NA,NA,NA,NA,15,40871,49817,3682,44574,1561,1753575,250888,195454,23.91,12.71,53.18,"3,490","-3,689","-5,907","-2,743","-1,701","-1,542","1,683","-1,554",6076431,16005702,8331,1477403,54835,66436,829,6694890,218425,4026907,114956,53728,101946,22898,1472681,12730,3736025
중구,6.91,2156,16,103,-,1777,260,297,519,515,587,837,1180,1270,1230,1266,1261,1267,1319,1144,922,1215,910,42,NA,NA,3,NA,NA,18,66,29,NA,52,1,16,NA,NA,1,7,NA,NA,NA,NA,NA,1,21,26,1,4,10,NA,NA,1,5,NA,1,NA,NA,23,66190,52988,997,47702,4289,2503707,188818,111809,9.96,9.97,100.1,"3,321","2,462","-4,351","-1,965","-1,945",-365,-289,"1,084",1659373,13759403,NA,1293844,102213,34702,15065,5819406,64648,5345337,425614,53705,264642,7100,2174378,17329,10270505
중랑구,6.77,3303,68,824,49,240,2122,106,194,171,173,193,238,229,216,238,274,274,289,280,207,750,392,29,7,NA,NA,NA,NA,16,73,51,NA,68,1,10,NA,4,NA,1,1,1,NA,1,NA,3,20,43,NA,5,13,2,1,4,2,NA,1,NA,1,14,27287,110094,187,100478,9429,1101396,501147,38418,18.5,10.75,58.11,"1,752","-4,903","-3,241","2,194","-3,903","-3,264","-2,333","-5,496",2932542,8842890,3514,720564,60507,28855,1969,3622923,258637,3312854,338617,39774,43102,311388,1072702,45194,428937
